{
  "k_values": [
    2,
    3,
    4,
    5,
    6,
    7,
    8,
    9,
    10,
    11,
    12
  ],
  "inertia": [
    1049.582409062085,
    981.0954592579458,
    939.0719829939451,
    901.0117399994479,
    867.9396704793039,
    841.7752649340454,
    818.1161052803109,
    800.6180479751042,
    779.0874485787065,
    764.6255710438668,
    750.0108824207852
  ],
  "silhouette_scores": [
    0.11995849962936556,
    0.09635465705884386,
    0.08434939400830753,
    0.08702515987975941,
    0.0826613524222876,
    0.08313720666505774,
    0.08180247701756194,
    0.08438518919048166,
    0.08352232571780596,
    0.0819140917259044,
    0.08730475320034335
  ]
}